0110000000000001000010000100001110000
0010000000001100000100000000011100001
0110000000000000000000011010100000110
0010000000010000001000001000111000010
0101000000000010100000000001100001100
0010000000001000000000110011000001100
0010000000100000010000010001110000100
0100000000001011000000000101000011000
0010000000010000000001100110000011000
0101000000000000001010000100011000001
0010000001000000100000100101100001000
0100001000000000000011000000001101001
0000000100001100000001000000001111000
0000000000011110000000000100000110001
0011000000000100000000001010010000011
0010000000100000000011000010000110001
0100000010000000011000000110010000010
0100000000001000010100000000110000011
0010000010000001000001000101000010001
0100010000000000001100000010010100001
0000010000001000000110000000011010010
0000001000010000000010001000011110000
0001100000000010010000000000110000110
0000000000110010000000001000001100011
0001000010000110000000000011100000010
0010000001000000000110000010001100010
0100001000000000010000010101100000010
0000000100001000110000000010100000101
0011000000000000100001000001000111000
0010000100000100000010000100000100011
0100000000010000010000001011000000011
0000100000001000011000000010101000010
0000100000010000001100000000110100100
0001000001000000100000010000000011110
0000010000100000000100010000111100000
0000000010100001000000010000100001110
0000000001100010000000010000011000110
0000001010000101000000000001100010100
0100000100000010000000001111000000100
0010000010000000001100000010011000100
0100010000000000100000010100100010100
0000001000010001100000000011000001010
0001100000000000000101000101001100000
0000000000110001010000000101000001100
0001000010000000000100100000001110001
0010001000000000000100001000001000111
0100100000000010000000010011100010000
0000000000101000100000010110000000110
0001000000010000110000000011010000100
0001000100000000000001100100000110100
0001000000100000011000000001101001000
0000000110000000100000100000101101000
0000100001000000001000100001111000000
0000001001000000100010000000100101100
0000000101000100000000100001000011100
0000000011000010000000100000110001100
0000011000000100000010000000001011100
0000010100000100000000001101000101000
0000001000001010000000010110000001001
0010100000000101000000000110001000001
0010000100000000011000000010110001000
0100000000010000100000100100001001100
0000100000001001000000100001000101001
0000100000010001000001000100000001011
0001000001000000001100000011001000001
0000010000100101000000000110000010100
0000000010100000000100001100010010001
0000000001100100100000000100000011001
0000001010000000000001001010011000001
0100000100000000001001000000011100010
0010010000000000001000010000010001110
0100000000100001100000000001001010100
0001000000001010000000100111000100000
0000000001010001000000100010000001101
0001001000000000000110000110001010000
0100000000100001100000000110100001000
0000000010001000000101000100001001001
0100000001000000110000000101010010000
0000001000001000000001100000010100101
0000001100000001000001000001011010000
0001000010000000010001000101110000000
0000010100000000001000100000000101101
0000010010000001000100000001001011000
0000001010000000000001001100000111000
0000110000000010001000000000011000011
0000000110000010000001000001100011000
0000010000010100001000000000011101000
0000110000000000000100001000010111000
0000101000000000000000011100001010001
0000100001000011000000000010110000001
0000010000010010000000100010000010011
0001000000100100000010000111010000000
0000000000101001000001000000010011001
0001000000010100000001000100001010010
0001000100000000001000001001110000001
0001000000100100000010000000000010111
0000000110000000010000001011010010000
0000100001000100000000001010000101001
0000001001000010000000001110001000010
0000000101000000001000010000100100011
0000000011000001000000001000000110011
0000011000000010000100000011010000010
0000010100000000000010010010110000010
0000001000001000010010000000111000100
0010100000000000010000100000100011100
0100000001000000000010100000011011000
0000000001001101000000000100010101000
0100000000010010000001000110001000001
0001000000001100001000000110100000001
0000000010100100000001000010000011010
0000010010000000001000001101011000000
0000000001001101000000000011000010001
0010001000000000000100001110010100000
0000000100010000001010000000010010011
0000000010001001100000000100100100001
0010010000000000000101000010000001011
0000010000010000000011000000101001010
0000011000000100000010000100110100000
0000100000100000010000001000000001111
0100000100000000100010000101100000001
0000000000011000010001000010000101001
0000101000000000010001000000001011010
0000100100000100001000000100010110000
0000000001010000100000001000010000111
0000010100000000000010010000001110001
0000000000110001010000000010110000010
0000100000010100010000000000010100011
0000100000100000010000001000111010000
0001100000000000001000010000101110000
0000000101000001100000000000110001010
0001010000000000000000110000010100011
0000000100100001000010000011000000110
0000100000100010000001000010000100110
0000000011000100001000000101000010010
0100000001000000000100001110100000001
0010010000000001100000000111000100000
1010000000100001000000001011001000000
0001000000001000000011000000101010001
0000000001010100000010000000100110010
0001001000000000010000001001010001010
0100000000100000000010001000010100101
0000000010001010010000000010000010110
0100000001000000000100001000000101110
0000001000001010000000010001001010010
0000001100000000100000010110100100000
0001000010000000000000011010001010010
0000010100000011000000000101110000000
0000010010000010000000010010010000101
0000001010000000010000100001001000110
0000110000000000000010100001100110000
0000000110000100000000010000001100110
0000010000010001000000001001100010010
0000110000000010001000000110100000100
0000101000000000000100100011100000100
0000100001000000000010010100000111000
0000010000010000100100000001110001000
0001000000100000000001010000001101100
0000000010001000000101000000110110000
0000000010010100000000001000101010001
1001010000000000000000001010110001000
0000000000101010000010000010010000011
0010000010000100010000000111000000100
0000000101000000000010001010000110100
0000001000010010010000000100010010010
0000100100000000010000010100110000001
0000000010010100000000001110000100010
0001010000000010000000001101000000011
0010010000000000001000010010101000001
0000001000100000010100000000100100110
0000100010000000000000110001000011010
0000000100010101000000000001001000011
0001000000010000000100001011100100000
0010100000000000001010000010000010110
0000100000100000000110000001010010100
0000000011000000010000010000010110100
0000110000000000000100001001101000001
0000000001100010000000010010100101000
0000001000001001000100000101000000011
0010100000000000000100010011000100001
0001010000000000100010000000010110100
0000000100100000010001000000010010110
0001001000000000010000001000101100001
0000100100000010000000100010100001010
0000101000000000000100100000011100010
0000100001000000000010010001100000110
0000000001100100100000000011100000100
0000011000000010000100000100001100001
0000100000100100000000010010100000011
0001000000100000100000001000101000110
0001000001000000100000010001110100000
0000001100000001000001000000000101110
0101000000000000010000100001011100000
0000000100001000000010100000100100110
0100100000000000000001100000101000110
0000000001001000001010000001100011000
0000001001000100000100000110000001100
0001000001000010000010000010001001100
0000001100000100010000000100101010000
0000000110000000010000001100000100101
0000000010001000001000010011000000011
0000000001001000001010000000001000111
0100000000010000000110000001010100010
0001000000001000010000010001000100110
0000000010100000000100001001001100100
0000010010000010000000010000100110010
0000000001001000000100010000101001010
0010001000000001000000010001101001000
0000000100010010100000000010000101100
0000000010001000001000010000001011100
0010010000000001100000000000111010000
0000010000010010000000100100010100100
0000011000000001000000100011001000001
0000100000100000000110000110100100000
0100000100000000000000110010010100100
0000000000011001000010000100000010110
0000101000000110000000000101100000001
0000000001010100000010000101001001000
0000000000110000001001000000001010101
0000001100000000000000101000011001100
0000100000010010000010000000101010100
0000100000100100000000010101000100100
0001100000000010010000000011000001001
0000000101000100000000100110001100000
0001010000000000001001000111000001000
0000000100100000101000000100001100001
0000100000100001001000000101100010000
0000000011000000100100000000010101001
0000000100010000001010000001101100000
0001000000010000110000000000100101010
0000000100100000000000011001010100010
0000000010010011000000000001000100110
0000000001010010000100000010100000110
0001001000000100000000010101000011000
0010000100000000100000001110000001001
0000001010000000000100010010001101000
0000110000000001000000010100101000010
0000010000100010100000000000100100101
0001001000000000100000100001100000011
0000100100000000000011000011000101000
0000000100100000000000011010001000101
0000000010010011000000000110100010000
0100100000000010000000010100000000111
0010100000000000010000100011010000010
0100000001000000000010100101000100100
0000010001000000101000000001001001100
0000001000100000100001000000101110000
0000001000100100000000001100010000110
0000100010000010000000001001000010101
0100000000100000001000010111001000000
0011000000000000010100000010000101100
0100000100000000000000110100001010010
0001000001000000001100000100100101000
0000001100000000100000010000001001011
0001100000000000001000010101010000010
0000000101000001100000000001000100101
0000000011000010000000100011001010000
0000010000010100001000000100000000111
0001000000100000100000001011000010001
0011000000000000001000100110001000010
0000000001100001000100000010010100100
0000001010000000000100010100000010110
0100100000000001000100000000101101000
0100010000000000100000010001011000010
0000000000101001000001000001100100100
0001001000000010000001000011000010100
0001010000000000001001000000111000100
0000000100100000101000000000100011100
0001000010000000000100100101000001100
0000000011000001000000001111000001000
0001000001000000000000101011000000110
0100000001000001000000010001010001100
0000001000001001000100000000001110100
0100000010000001000000100101101000000
0000010000001000000110000000100101001
0100000000001000100001000100111000000
0001000000001000000011000001010001100
0010000100000000011000000000001110100
0000000010010000010100000101000110000
0000010010000000001000001010000011001
0000010000100010100000000110011000000
0100000010000010000100000010010011000
0000010000001100000000010100011000100
0000011000000000100000001001010100001
0000100000010001000001000011101000000
0000000100010000010000100110000000110
0001000000010000000010100101000010001
0000000010010000010100000000010001110
0001010000000000000000110001001010100
0000000000101000001100000100101000100
0010000010000000100000010000100011001
0000000101000000001000010100011001000
0000001000010001100000000000101000101
0000100100000010000000100001001100100
0000000010010000001000100001010010100
0010010000000100000000100101010010000
0000001000100011000000000010001011000
0000100010000100000100000100111000000
0001000000010000000010100000011000110
0010100000000101000000000001110100000
0000100000100010000001000000101001001
0000000011000100001000000010101001000
0000110000000100000001000110010000010
0000000001100000001000001101000000101
0000001000001000000001100010101001000
0010100000000000001010000100101001000
0000000000110100000100000000000101101
0000000100100110000000000011000100001
0000101000000001000010000000100011001
0000100001000000010100000010011001000
0000000001100000010010000000010101010
0000011000000000000001010000110011000
0000100000100001001000000000011001100
0001000000100010000100000001010101000
0001000001000000000000101100001001001
0000001100000010000010000010101000001
0101000000000010100000000110000010010
0000000100001100000001000101010000001
0100100000000000010010000110000010001
0000000001001000010000100110010000001
0000001001000001010000000000011000011
0001000001000100010000000101000100001
0000001100000000000000101010000100011
0000000110000001001000000000101010010
0000001000100000010100000101011000000
0000100010000000000000110000100100101
0000001001000000000000110100101000100
0000000100100110000000000100001001100
0000000010100010001000000011000001100
0000010010000100100000000100001110000
0100010000000000000000101100000110001
0010001000000001000000010010000010011
0100100000000001000100000111010000000
0000010100000000001000100010011010000
0000000000110000100010000100110000100
0001100000000100000000100001010000101
0000100001000011000000000001001001010
0000001001000100000100000001101100000
0100010000000001000001000101000000110
0000000000101000001100000001000110001
0000001001000000000000110010010001010
0000101000000001000010000101001000100
0001000000001010000000100000000001111
0010000100000100000010000011001010000
0011000000000000100001000110100000100
0100000100000000001001000100000011001
0000100010000001010000000100010011000
0000010001000000000100100000011000101
0000010001000001000010000001011100000
0000010001000000000000011000100001101
0001000100000010000000010100000101010
0010001000000000000010100110000000101
0110000000000000101000000010001011000
0100000010000000011000000001001010001
0000010000001000100000100010110100000
0000011000000001000000100000010010110
0101000000000000010000100100100000101
0000000100001000000010100010000011001
0000001010000101000000000100001001010
0000000110000010000001000110010100000
0100000001000001000000010110000100010
0110000000000000010001000010010000101
0100000000001000001000100110000010100
0000011000000000100000001100101001000
0001000000001100001000000001011010000
0010000100000000100000001000110100100
0000100000001001000000100100110000100
0010000001000000000110000000000011101
0100010000000010000010000110000101000
0000000000101100010000000100001000011
0100100000000000010010000001110001000
0000000001001000010000100000001101100
0000001001000001010000000001000111000
0000000000011000101000000010011000001
0000000110000100000000010110000010001
0000010000010001000000001110010000001
0100000010000000000001010110000001100
0000010000001001001000000100001010001
0000000010001100000000100100100011000
0010010000000000000010001000011001001
0010000000010000001000001010000100101
0000100000010000001100000001001010010
0000000000011001000010000001110000001
0010000000010000010010000001000011010
0000000010100000110000000000011000101
0100000000010000000110000100100011000
0001000000001000010000010000011001001
0010001000000000110000000000011101000
0000000010010000100001000010100000011
0000100100000000010000010010000110010
0000000001010001000000100101010000010
0000000100001010001000000010100110000
0010000000010100100000000100010001010
0000100000010000000000101000110001001
0000000001100001000100000001100001001
0000001000100000100001000010000001101
0000100010000000001001000110001010000
0000000010010000100001000000011011000
0000000001010000011000000001010001001
0001001000000000100000100010001100100
0010000100000001000000100001000110010
0000001010000000010000100000110010001
0000010000100101000000000001010001010
0001001000000010000001000100011001000
0000100100000100001000000000101000101
0000000100100000010001000100100101000
0000000010010000001000100000001001011
0010100000000000000001001100100100001
0100000001000010001000000010000001011
0000010001000110000000000010010110000
0000100010000000001001000000110001010
0100000000100000000101000000110001100
0011000000000100000000001101101000000
0100000100000010000000001000100101001
0001000001000010000010000001010010010
0000001100000100010000000001010100100
0001100000000000000010001010100000101
0000000101000010010000000110000011000
0000000011000000010000010100000001011
0000010000010000000011000011010010000
0001000000100000011000000100010100100
0011000000000000010100000001010010001
0000000001100000001000001000001011010
0000001010000010100000000001111000000
0001010000000100000100000001000110010
0001000010000000101000000010110010000
0000000011000000100100000000101010100
0001000001000100010000000000110011000
0100000001000010001000000100101010000
0000001000001100100000000000110001001
0100000010000000000001010000010010011
0000010000001001001000000011010000100
0100000000001011000000000010000100101
0010000000001100000100000110000010010
0000001000010000000010001100100000011
0001000000001000100100000010000100011
0010000100000000000001010111000000010
0000010010000100100000000000110000110
0000010000100000000001001001000011100
0100000010000000100000001100001000011
0000010000001010000001000011100000001
0000011000000000000001010010001000110
0000100000010000000000101000000110110
0000010001000000101000000100110000001
0001000100000000000001100001001001010
0000010010000000000001100001010001001
0000010000100000001010000010001100100
0000001001000010000000001000010011001
0000101000000110000000000010011000100
0000001000010100000000100100011000001
0000100100000001000000001000011100001
0000100000001000000001010000001100011
0010000001000001001000000011100000010
0010010000000100000000100010000100110
0100000000100000000010001101000010010
0000101000000000010001000010110100000
0000100001000000001000100100000001110
0101000000000000000001001100100001010
0000000100001010001000000001001001001
0001000010000110000000000100010010100
0000010100000100000000001000010010101
0000100000001100000010000100000001101
0010000001000000010000001010001010001
0000000001010000011000000100001100010
0000010010000000000001100010100010100
0001010000000100000100000100010001001
0100000000010010000001000000000011110
0110000000000001000010000011000001001
0100000000001000010100000110001100000
0000001000001000010010000000000110011
0001000100000100100000000000100110001
0000000100010000000001001010010001010
0100001000000010000000100000001010101
0000100000001100000010000010110010000
0010000000001001010000000010010110000
0110000000000000000100100100010000110
0000000100001000110000000100010100010
0010000000010000000001100001000000111
0000110000000100000001000000100101100
0100000000001000100001000001000001011
0010000000001000001001000011001100000
0000001000010000000101000010000110010
0000000000110010000000001010010010100
1100000100000000100010000000000101010
0000000010001100000000100010001000101
0010010000000000000010001110100010000
0010000000001000100010000010100001010
0110000000000000010001000101001001000
0000110000000001000000010001010010001
0100000000010000010000001100110100000
0001000000010100000001000001100001001
0001000100000000001000001010001101000
0010000010000000001100000000000111010
0000100000001010000100000010001010001
0010000001000100000000010110110000000
0001000000001000100100000101100010000
0010000100000000000001010000010101001
1000000000100000000001001000110000011
0000100000010010000010000111000000010
0010000000010000010010000110011000000
0000000100010000000001001001000110001
0001000000010010001000000010010100010
0010100000000000000100010000110010010
0010000000100000010000010010001001010
0000000110000000100000100000000010111
0000000000110100000100000101100000010
0001000010000000000000011001000101001
0010000000100000100100000100000110100
0000100001000000010100000000100110001
0010000010000000100000010010010100010
0100000000010000100000100000110010010
0000100100000000000011000100100010010
0000000010100100000001000100100000101
0000001000010010010000000011001100000
0001100000000100000000100100100100010
0010000000100001000000001000100010101
0001000000100000000001010001100010010
0000010001000001000010000010000011010
0001000100000000010010000010010100001
0000000100100001000010000000110110000
0000000010100000110000000100100010010
0100010000000001000001000010011001000
0010001000000100000001000100001100100
0100100000000000001000001000100010011
0000010100000000100001000001100100010
0000000000110000001001000001000101010
0001100000000000000101000010100011000
0000100001000100000000001100100010100
0100010000000010000010000000110010001
0000000000101100010000000010010001100
0000001001000000100010000001001010001
0011000000000000000010010001001000011
0000100010000010000000001010101100000
0000010001000110000000000100100001010
0001000100000000010010000001100010100
0110000000000000000000011101010000001
0100000010000010000100000100100100100
0000010000001100000000010000000011011
0101000000000000000100010011000001010
0000000100001001000000010101001100000
1000001010000010100000000010000100001
0100000001000000110000000000101001001
0110000000000000101000000100100100010
0100100000000000001000001100001100100
0000000001001010100000000000100010011
0000000000011000000100100100000101010
0000010000010000100100000000001100110
1100000010000000100000001001100100000
0000010000001010000001000000010101010
0000000010001010010000000001010100001
0000000000011110000000000010001001010
0000010000100000000100010001000000111
0000000010100001000000010011000110000
0100000000010001001000000010001000110
0000100100000001000000001001100001100
0000000001010010000100000000001111000
0000000100001001000000010000010000111
0010000000010001000100000011000010100
0000000001100000010010000100001010100
0000110000000010100001001000110000000
0000010001000000000100100011000101000
0100001000000000000011000100010010100
1001000000100001001100000001000000100
0001001000000100000000010000111000010
0010100000000000000001001010001001100
0000000001001000000100010100000100101
0001010000000000100010000011101000000
0001000010000000010001000000000011101
0100000000001000000010010001000010101
0000101000000000000000011000100101010
0001000000010000000100001000000011011
0001000100000010000000010011011000000
0000000001001010100000000011010001000
0000000000101010000010000000000111100
0010000010000100010000000000011010010
0100001000000001000000001001001100010
0000100000001010000100000001100100010
1000001000100000000010010010100000100
0010000000100100001000000001001000110
0010000000010100100000000010101100000
0010000000100000000011000100000001110
0001100000000000000010001001001011000
0000000101000010010000000000111100000
0001000000010010001000000101001000100
0101000000000000000100010100010110000
0010000000001000100010000100010010001
0000000101000000000010001001000001011
0000000000101000100000010001101000001
0010000010000001000001000010100101000
0100001000000000010000010010011010000
0001000100000100100000000101000000110
0010000010000000000000101011100000001
0100000000010001001000000101000100001
0010001000000000000010100000101010010
0001000000100010000100000110000000101
0010000000100000100100000010110000001
0000001000100000000010010100001100010
0100000000100010010000000010101000100
0011000000000000001000100001100100100
0000100000010100010000000110100001000
0010000001000000100000100010010010100
0010000001000001001000000000001101001
0100001000000000100100000010101000010
0001000010000000101000000001001100010
0010000100000001000000100010101000100
0001001000000000000110000001000100101
0101000000000000000001001001001000101
0010000001000100000000010001000101010
0000100010000100000100000010000110100
0000010001000000000000011100010010010
0000100000001000000001010101100001000
0010000001000000010000001100010001100
0101000000000000001010000011000110000
0000010100000011000000000010001100010
0000000001010000100000001010100011000
0000010010000001000100000100010100010
0000001000001100100000000111001000000
0000000100010101000000000100100100100
0100001000000000100100000101000101000
0010000000001000000000110100100000011
0000000010001001100000000001010010010
0010010000000000000101000001010100100
0010000000001001010000000001001000101
0110000000000000000100100010100110000
0010000000010001000100000000100100011
0000000100010010100000000100101000010
0010000010000000000000101100001010100
0000000010100010001000000000011110000
0000001000010100000000100000100001110
0010000000100100001000000110000101000
0100010000000000000000101001110000100
0011000000000000000010010010010011000
0100000100000001010000000100011000100
0000000000011000010001000001011000010
0100000000100000001000010000000110110
0100001000000010000000100110110000000
1000010000100001010000001000010000100
0100000000001000001000100000101100001
0100001000000001000000001100000001101
0100010000000000001100000100001001010
0000000000011000000100100000100010101
0010001000000100000001000011010001000
0100000000001000000010010100010001010
0000001000100100000000001001001001001
0000001000100011000000000001010000101
0110000000000101010000001000000100001
0010000000001100100000011000001000010
0110000000000011000001001001100000000
0010000000010001000000111000010000100
0101000000000011000110000000000010100
0010000000001110000010010101000000000
0010000000100100000001110000100001000
0100000010000001001010001000001001000
0100000000001110001100000000000101000
0010000000010010000100101100000000001
0101000000000110000010010010000000001
0010000001000000000011101001000010000
0100001000000010011010000000010100000
0000000100001100010100010000010010000
0000000000011010011000001000001010000
0011000000000110100000100000110000000
0010000000100010001001010000000000011
0100000010000101101000000011000000000
0100000000001010000100101010000000010
0010000010000000000111010100000100000
0000010000001010110100000000101000000
0000001000010000101000101000100100000
0001100000000010100011000000000001010
0000000000110010110000010000010100000
0001000010000101000001100000000000110
0010000001000010010010100000000000110
0000000100001101010000001110000000000
0000000000011010001001010010000000100
0011000000000101101000000100000010000
0010000100000000001110100000001000001
0100000000010000110010010010100000000
0000100000001100110000100000000000110
0000100000010011101000000001010000000
0001000001000100100101000000000100100
0000010000100001010001010001001000000
0000000010100001001100100000100100000
0000000001100011100000100000101000000
0000001010000100000111000000100001000
0100000100000100000011001000000001100
0010000010000010100101000000000001100
0100010000000100001001010000001010000
0000010000001000100101001100000100000
0000001000010100100000011010000000001
0001100000000011000001001110000000000
0000000000110010010010100010000001000
0001000010000100010010100100001000000
0010001000000000011101000000010000010
0100100000000000101000110001000000100
0000000000101001100100100011000000000
0001000000010001100001001000000001100
0001000100000010001101000000001010000
0001000000100111010000000100100000000
0000000110000100000100101000000001001
0000100001000100100010100100010000000
0000001001000000010011001000000000101
0000000101000100011001000001001000000
0000000011000111000001000001010000000
0000011000000100001100001000000100100
0000010100000000001110001001000010000
0000001000001000000110011000000011000
0010100000000011010000010000011000000
0010000100000011001010000000000011000
0100000000010100110100000000011000000
0000100000001000010010101000010100000
0000100000010001001010010000001000001
0001000001000001110100000010100000000
0000010000100001000000111010000000010
0000000010100011000110000101000000000
0000000001100010100101000010000010000
0000001010000100001001010100010000000
0100000100000000100101001000010000001
0010010000000000111010000000100000100
0100000000100000110001100000000011000
0001000000001001010001100100000001000
0000000001010101001001000110000000000
0001001000000000101100001100000000001
0100000000100101000010010000000011000
0000000010001001010100001000011000000
0100000001000110100000001001000000001
0000001000001110000001001010000100000
0000001100000000001001011000000010010
0001000010000001000101001000100000001
0000010100000010001100010010000001000
0000010010000000100110010000000001010
0000001010000000110010001100010000000
0000110000000010010001100000000000101
0000000110000110000010001100100000000
0000010000010110010000001000000001001
0000110000000000011000011000001001000
0000101000000000011100010100000100000
0000100001000001100000110000000000011
0000010000010000001100110000000110000
0001000000100001100010010000010000010
0010001000000110010100000000000110000
0100100000000100000000111000010000010
0000000000101001101000001000110000000
0001000000010000100101010000101000000
0001000100000001001001010000100001000
0001000000100100010100100000010000010
0000000110000000000010111001000000100
0000100001000100000001110010000000100
0000001001000001001010001100000010000
0000000101000110001100000100000000001
0000000011000011001010000010000100000
0000011000000100110100000100000000010
0000010100000000010010101000100000001
0000001000001001001010010000100000010
0010100000000001110100000001000001000
0100000001000000000101110000001100000
0000000001001001100011000000000110000
0100000000010100100011000000000010001
0001000000001000011001001010010000000
0000000010100100010010001010000000001
0000010010000010010000101110000000000
0000000001001100000100101000000110000
0010001000000010000010011000010000010
0000000100010100101000010000110000000
0000000010001011000000011100000000010
0010010000000111000100000001000000001
0000010000010010000010011010001000000
0000011000000000010010110000000100100
0000100000100001010010100000000010010
0100000100000100001010010001000000010
0000000000011001110000001001000100000
0000101000000010011000100010000010000
0000100100000001001100100000000010100
0000000001010000100110010000010010000
0000010100000001100100010000100000001
0000000000110001000101010010000001000
0000001100000010000100011001000000001
0000100000010111000000010010000100000
0000100000100010100000011000000010010
0001100000000000110000110000010010000
0000000101000001000011100000010000100
0001010000000000111000100000001000001
0000000100100000100011100010100000000
0000100000100000011001100000001100000
0000000011000000101010100000100000010
0100000001000101000100100000100000100
0010010000000010101000001000001100000
0100000000100110100001000000100000010
0001000000001000000001111000100000100
0000000001010101010000010001100000000
0001001000000001000100101000000101000
0100000000100001001010100001010000000
0000000010001000110110000000000100100
0100000001000000101001001000100000100
0000001000001010101001000000000011000
0000001100000000000101110100000001000
0001000010000000000011101010000001000
0000010100000010011010000100001000000
0000010010000100010100010000000100001
0000001010000010011000001000000000011
0000110000000110100000100011000000000
0000000110000110010100000010001000000
0000010000010100000000111100100000000
0000110000000001101000001000000000101
0000101000000000100101010001000000010
0000100001000001001001010001000100000
0000010000010100010100100001000000100
0001000000100000000010111000000110000
0000000010001000001011100000011000000
0000000010010101000110000000001100000
0001010000000000010100011000100000010
0000000000101001000110001000000100010
0010000010000010010100010001000000010
0000000101000000100100011010000000010
0000001000010011000001010101000000000
0000100100000010100001010010000000001
0000000010010000001001011000001100000
0001010000000011101000000000100000010
0010010000000010000100110000100000100
0000001000100001010000101001100000000
0000100010000010000110100000000101000
0000000100010110000000110000000000101
0001000000010101000010001010000010000
0010100000000110001000001100000000010
0000100000100010000100110010010000000
0000000011000101000010010100000000100
0000110000000000100101100000001001000
0000000001100000001011010000101000000
0000001000001000010100101100000000100
0010100000000010000010110000000010001
0000000000110101100000010100001000000
0001010000000010110001000010000100000
0000000100100100001001100100000000010
0001001000000100011001000000000101000
0000100100000000101000101000001000010
0000101000000101001000100001000000010
0000100001000000100110001001000100000
0000000001100100001010100010000010000
0000011000000010001000110100000000010
0000100000100101100010000001000000001
0001000000100110000000101010001000000
0001000001000011000000110000000100100
0000001100000101000110000000000010010
0101000000000001100001100000100100000
0000000100001000001111000000000001010
0100100000000001110001000000010000010
0000000001001000001101100001000000100
0000001001000001000111000011000000000
0001000001000000110011000000011000000
0000001100000000011001100000100000100
0000000110000001010101000001000000100
0000000010001100001001001001000001000
0000000001001011000010001001000000100
0100000000010000000011110001000001000
0001000000001001011010000000001100000
0000000010100100100000101101000000000
0000010010000010000011001000000100001
0000000001001100010101000100100000000
0010001000000000001000111000000001001
0000000100010001101100000000001001000
0000000010001001010010010001000001000
0010010000000001010100100000001100000
0000010000010011010010000000000110000
0000011000000000001011100000000010001
0000100000100000111010000010010000000
0100000100000000000111010010000010000
1000000001100000100100100000000001100
0000101000000010110100000000010000001
0000000001010010100011000001100000000
0000010100000010110000010000000000110
0000000000110101000001100001000010000
0000001100000010101000001010010000000
0000100000010110100001000100000000100
0000100000100000000001111001000000001
0001100000000101010000010000000001010
0000000101000001000100101001001000000
0001010000000001001010100100000000100
0000000100100000110110000000000010001
0000100000100000101001001100000001000
0000000011000010101001000000001000001
0000000100010000010111000000110000000
0001000000010000011000110000000001100
0000000100100100001100001000011000000
0000000010010010100000011000100000100
0000000001010100001100010000001000100
0001001000000001100000011000100010000
0010000100000010101000100100000000100
0000001010000001001000110010000000100
0000110000000001100110000100000010000
0000010000100110000010100100000000001
0001001000000011000010100010000000010
0000100100000100010110000101000000000
0000000100100000010010110000011000000
0000000010010001010010100000100000100
0100100000000111010000000001000000100
0010100000000010001001100001000001000
0100000001000100101010000000001100000
0000010001000100100001010101000000000
0000001000100001001001001000000100001
0000001000100010000001101000000001010
0000100010000110001010000001001000000
0100000000100100000100011010000100000
0011000000000010010000011000000000101
0100000100000111000000100010000010000
0001000001000010001001100010100000000
0000001100000100101010000100000001000
0001100000000001001011000000010010000
0000000101000000111100000000010000100
0000000011000000010110100001010000000
0000010000010000101001010000000001001
0001000000100001101001000010001000000
0011000000000010000101100000000100010
0000000001100101000000101000010000001
0000001010000010000110001010000000100
0100100000000011100010000010001000000
0100010000000000110010001000001010000
0000000000101010010001100000110000000
0001001000000001010001010000010000100
0001010000000100010001001100000000100
0000000100100010001000101000000010001
0001000010000001001100010100001000000
0000000011000000010101001010000100000
0001000001000101000100001100000000010
0100000001000010000001011010010000000
0000001000001111001000000100000000100
0100000010000110000001100000001001000
0000010000001100001010001000101000000
0100000000001101000011000001001000000
0010000000001000011100001000100100000
0000001000010000011110000000000010100
0001000000001101100010000000100000100
0010000100000000010101001000000011000
0000000010010000011011000100000001000
0000010010000100001110000110000000000
0000010000100000110000011100000000001
0100000010000001100110000000110000000
0000010000001000010101010000000001100
0000011000000000110011000001000001000
0000100000010000110001001000001000001
0000000100010000010010011100000010000
0001000000010011010000100000010000001
0000000010010110000100010100000001000
0001010000000101000000011000001000001
0000000000101000000111100100000010000
0010000010000000011010010000010000001
0000000101000001000001011100000000001
0000001000010011001100000010000000001
0000100100000010000110010000001000010
0000000010010000101010001001000000001
0010010000000000010001110000000010010
0000001000100101011000000000010010000
0000100010000000100100101000010000100
0000000100010100100100100100000010000
0001000000010000000011011000010000001
0010100000000100101001000000011000000
0000100000100110100100000000001100000
0000000011000100000001011000100000010
0000110000000000010111000000000100010
0000000001100000011000110001000000010
0000001000001000001110100010000100000
0010100000000000110010010100000000010
0000000000110100110000100000100000001
0000000100100100100101000001000001000
0000101000000011100000100000000001100
0000100001000100000111000000001010000
0000000001100100000011001100000100000
0000011000000011010000010010100000000
0000100000100101000100100100000001000
0001000000100011000010001000000001001
0001000001000000000011110100000000010
0000001100000001011010000001000000001
0101000000000100100000101000000010100
0000000100001010000011001000010010000
0100100000000100010101000000000001001
0000000001001000001000111010001000000
0000001001000001101100000000000100010
0001000001000001010010010000000010001
0000001100000001010100100010010000000
0000000110000011010010000000010000010
0000001000100000101110000001100000000
0000100010000000110001010000000101000
0000001001000000011000011000110000000
0000000100100011000000110001000001000
0000000010100000011000101000010001000
0000010010000010100010100000001000100
0100010000000101000000110001000100000
0010001000000011010001000000000001001
0100100000000100001100100010001000000
0000010100000100010001100010000001000
0000000000110000001010101100001000000
0001100000000101001100000000000100001
0000100001000010000101001000000000011
0000001001000110001000010011000000000
0100010000000110000101000010000000100
0000000000101100001000011100000010000
0000001001000000100101100000110000000
0000101000000000001011010000000001100
0001000000001110100000001100000001000
0010000100000110000001001000001000001
0011000000000010010011000100000010000
0100000100000100011000100000010000001
0000100010000001000010101100000000001
0000010001000010010110000010000000001
0000010001000100010010010000001000010
0000010001000010000011010000000010100
0001000100000010010100001100010000000
0010001000000011100010000100100000000
0110000000000010100000110000000001010
0100000010000010010011000011000000000
0000010000001100011000100100000100000
0000011000000001010100001000000010001
0101000000000100010110000000100100000
0000000100001000010000111000000001010
0000001010000001111000000000100001000
0000000110000000101101000100100000000
0100000001000101010010000010010000000
0110000000000010001011000000001000100
0100000000001100111000000000100010000
0000011000000011001000001001000001000
0001000000001111000100000010010000000
0010000100000100000100011100000000100
0000100000001001100100010000010100000
0010000001000001000101010000000000110
0100010000000100100010100000100001000
0000000000101000010011001000001001000
0100100000000000100010011000000001001
0000000001001011010001000010001000000
0000001001000010010001010000000100010
0000000000011000100010101010000000100
0000000110000000101010010010001000000
0000010000010001110001000100100000000
0100000010000100001000011000000000101
0000010000001011100000001010000010000
0000000010001010000010110010100000000
0010010000000101010010000100000001000
0010000000010110011000000000010000100
0000100000010000010100011001010000000
0000000000011100000110001100010000000
0010000000010000111000010001001000000
0000010000100000111100000000000101000
0000000010100000100001110000001000010
0100000000010101000100001001000001000
0001000000001010000100011000001100000
0010001000000000101010010000000110000
0000000010010000010001110010010000000
0000100100000000011100001010000000001
0000000001010010100000110110000000000
0000000100001101001100000001100000000
0010000000010000100100011000000101000
0000100000010000101010100000000011000
0000000001100000010101010000010000001
0000001000100000100100110000000100001
0000100010000001000011010010000000010
0000000010010110100010000010010000000
0000000001010000001111000000000100001
0001001000000000111000010010000000010
0010000100000000110100100000100000010
0000001010000100000010110000000000011
0000110000000001010010001011000000000
0000010000100110011000000010000000010
0001001000000010001100100000010000100
0000100100000100100010010000000010100
0000000100100001010100010100000000010
0000000010010001000100110001000000001
0010100000000000100011100000000100100
0100000001000000011011000000000010010
0000010001000100110000001000100100000
0000100010000010101100000010000000010
0100000000100000000110110000100000010
0011000000000001010010001000110000000
0100000100000010010100100000000001100
0001000001000011001000001000011000000
0000001100000110100100000000100000100
0001100000000000101110000000001000100
0000000101000000110001010000100010000
0000000011000000110001100100000000100
0000010000010000011101000010001000000
0001000000100000101000110100100000000
0011000000000001100100100000000000101
0000000001100001100001001001000000010
0000001010000010001101000001000100000
0001010000000111000001000000000011000
0001000010000000001110001000010100000
0000000011000000000110011000001000001
0001000001000100001001001000000010001
0100000001000110000100010000000010010
0000001000001101000000011001010000000
0100000010000000000111100000000000101
0000010000001000011010010010000010000
0100000000001001000001011000000101000
0010000000001011001100000000001000010
0000001000010010000110010000100100000
0001000000001000101010001000000010010
0010000100000010110001000001010000000
0000010010000101011000000000001000100
0000010000100000100100101000100010000
0100000010000100100100100000000100010
0000010000001000000011011001000000010
0000011000000100101001000010100000000
0000100000010100000001011000000011000
0000010001000001011100000101000000000
0001000100000001100010100000001010000
0000010010000000110000110001100000000
0000010000100001000011100000000101000
0000001001000110000001100100000010000
0000101000000100001010001000010000001
0000001000010001001001100000010001000
0000100100000011000101000000010001000
0000100000001100000001101100001000000
0010000001000010001010001000100000001
0010010000000110100010000000000010010
0100000000100100010001001001010000000
0000101000000000100011001010000010000
0000100001000010011001000100010000000
0101000000000100011000001000001000010
0000000100001010100000101001100000000
0001000010000010001010010000000000110
0000010100000101110000000001000010000
0000100000001010001010001010000001000
0010000001000110110000000100001000000
0000000001010000010000111000000100001
0000010010000001001011000001100000000
0001010000000000010110100000000011000
0100000000010011000000011000000010001
0110000000000010100110000000000100001
0100000000001100010001010010000000010
0000001000001000110001001000100000010
0001000100000100000101010000000000011
0000000100010001001000011011000000000
0100001000000010101000010000100000001
0000100000001101100001000010000001000
0010000000001011000001100000000010100
0110000000000100001110000000010010000
0000000100001010100110000110000000000
0010000000010100010001010100000000001
0000110000000100101000010000000100010
0100000000001000101100001001001000000
0010000000001010100001010000100100000
0000001000010000100001110000000010100
0000000000110000000101101000010100000
0000100000010000110100100010000100000
0000000010001100100100001010100000000
0010010000000010000001011100000001000
0010000000001010010110000000010001000
0110000000000100010000110000001000100
0000110000000110010000010100000010000
0100000000010110001000001010100000000
0001000000010101001000100000101000000
0001000100000000100110001000100001000
0010000010000100001010100000000001100
0000100000001001000101001001000010000
0010000001000010001100010000010100000
0001000000001001000100110000000010010
0010000100000001000110010001010000000
0000010000100100010011000000100010000
0000100000010000000110110100000000100
0010000000010011000010100001001000000
0000000100010010000101100011000000000
0001000000010100001010010100000100000
0010100000000100100100001000000010001
0010000000100010110000001000100001000
0000000110000001100011000000000001001
0000000000110000001100011000100000001
0001000010000011100000010010000001000
0010000000100001110000100100010000000
0000100001000001111000000000001010000
0010000010000011100000001000010000001
0100000000010010001000110000011000000
0000100100000001100001100101000000000
0000000010100011000001100010000000001
0000001000010100011000001101000000000
0001100000000010100000101000000100001
0010000000100001001000110000001010000
0001000000100001010101000000000110000
0000000110000000001100110000010000010
0000010001000001001001100000001000010
0001000100000100000110100010000000100
0000000100100011000100001010100000000
0000000010100000011110000000001000010
0100010000000001110000100010000000100
0010001000000001101001000001000000100
0100100000000000101101000000000110000
0000010100000000000101101000000000110
0000000000110010001010010001000010000
0001100000000100100100010110000000000
0000100001000010110000001010000000100
0100010000000010011001000000100001000
0000000000101100101000100000001001000
0000001001000100101000100000000000101
0011000000000001000111000000001001000
0100000100000000011100010000101000000
0000100010000001100000011001001000000
0000010001000011000101000000100100000
0001000100000011011000000010000000100
0110000000000100100100010001100000000
0100000010000110010000010000110000000
0000010000001101000000101000000001100
0101000000000001011100000000010001000
0000000100001000100100110000001000100
0000001010000001100010100001000100000
0100000001000001010001100001000000001
0110000000000101001001000000000001010
0100100000000110000010001000000110000
0000000001001110010000001000010000010
0000000000011001100000110000100001000
0000010000010001100010010001000000100
0100000010000000010010011000000100010
0000010000001011010000100001000000010
0000000010001010001000101000000100100
0000000000011100000010110000001010000
0000010000100010001100100001001000000
0000000010100100100010010000100100000
0100000000010001010100010000000100100
0000100100000100110000001000010001000
0000000001010010000001101000001000100
0000000100001001001001001000001000100
0010000000010010101100000000100010000
0000000001100010010100100100000100000
0000100010000100111000000100000000001
0000010001000000100001101010000000001
0100001000000101000101000000010100000
0000100000001000001100011000000000110
0001001000000110001010000000100010000
0010100000000011000100001000000100100
0000000001001000100010011100100000000
0001010000000001000110010010000100000
0001000010000010110010000000100000001
0100000000001000110000011000010000100
0000101000000101100000001100000100000
0001000000010010010100010010000010000
0001000100000101000000110100010000000
0000000001001000101001010000010000010
0000000000101110000000110000000100010
0010000010000101000010001001000000010
0100001000000000001010101000000000110
0000100000001010110010000001000010000
0000001000100100010000110110000000000
0010000000100100000110100001000100000
0010000000010110000011000000000101000
0010000000100000100010101000000000011
0001100000000001010000101000001000100
0000000101000010000110100000100010000
0001000000010011100100000100000100000
0101000000000100100001010000010001000
0010000000001000100001101000010001000
0000000101000110000011000010000000010
0000000000101010010000011011000000000
0010000010000111000000100100000100000
0100001000000001001100010001000010000
0001000100000001110000001000000000011
0010000010000010011000100000101000000
0100000000010100001001100000000100100
0010001000000100001100100100100000000
0001000000100000001101100000000001001
0010000000100110000101000100010000000
0000001000100010001011000110000000000
0100000000100000010100101000001000001
0011000000000001001000011000000100010
0100000100000011100100000001000000010
0010000001000011100000010001000010000
0010000001000101100001000000100000001
0100001000000000001101001010000001000
0001000010000101110000000000010100000
0010000100000111000000010000100000010
0001001000000101000011000100000000001
0101000000000011000001010000001000010
0010000001000100010001100000010100000
0000100010000100010011000000010000100
0000010001000000011000101000000010100
0000100000001010101000010100001000000
0010000001000000001101001100001000000
0101000000000001001000101010000000001
0000010100000101000101000100001000000
0000010010000001010001001000000001010
0000001000001000111000100001010000000
0000000100010001000110001000000000101
0100001000000110110000000010000001000
0010000000001001001000101101000000000
0000000010001100100011000100000000010
0010010000000000011001001001000000001
0010000000001100010010001000000010100
0010000000010001000011010000100010000
0000000100010010010001010000001001000
0010000010000000100011001000101000000
0000000010100010000011010000010001000
0000001000010100010010010000010001000
0010000000100011011000000001000100000
0100010000000010010100001001000100000
0011000000000110001000010000001001000
0100000100000101100000001000101000000
0000000000011100000101010001000100000
0100000000100010101000100010000100000
0100001000000100000001101000100000001
0010000000100010000110001000001010000
0100000000100111001000000000001000001
0100000000001001000010101000100010000
0100001000000101100000010000000000110
0100010000000100000110001000000000011
0000000000011010000101001000100001000
0010001000000110000000101001000000100
0100000000001110000010100000010000100
0000001000100100001100010000000001010
0000001000100010100010100000010010000
0111010000000100000010000001000000100
0110100000001000000100001100000001000
0110000001001010000000010000001000001
0011000000011000001000010000000010001
0111000100000001100000000010010000000
0010000010011010000000100000010000010
0110000000110000010000100000000100010
0101000010001000000010100001000000010
0110001000001101000000000010100000000
0010000100110010000001000000100000100
0101000010010100001000000000000011000
0010000001101000100001000000001000100
0110001010000000001001000000100010000
0100000100011000000101000100000000100
0010010000011100000000001011000000000
0111000000100010000000001100000100000
0010001001100010000010000001000001000
0100101010000100010000000000001100000
0100000100101000010000001000000110000
0010000011010001000010000000010001000
0101011000000000010100000000001000100
0010010100001000010010000001000100000
0000001000111000001010000000000001001
0011100010000000110000000010001000000
0010100000110000000000011110000000000
0010010011000010000100000100000010000
0100011000100100000000010000010000001
0001010100001000100000001000011000000
0000001001011000100000010000001100000
0011101000000001000001000000100000010
0010000110100100000100000000100010000
0100010010010000000000011000010001000
0100110000001000101000000000010001000
0010101000010000100100000100001000000
0101100001000000000001010000100000001
0000010001110000010100000000000010010
0001001010100000000000110001010000000
0011000001100000000000110010000000001
0100001110000001000010000110000000000
0100000110001110000000000000000000011
0010100110000010001000000000000100001
0100010001010100100000000010000000010
0000110001001000000000101000100000010
0100101000010001000000010000110000000
0001100001001001000100000000000001100
0000010010110001000000100000011000000
0001010010100000000110000000100000100
0010001101000000001000001001000100000
0100101000010010100000000000000100010
0000100100101000000000110000100010000
0011000101000000000100100000010001000
0011010000100001001000000000010000001
0100000110100000100100000010000000100
0000100011100000101000000000000100100
0000011011000000100001000000000010010
0100010101000000000001100100100000000
0110000011000000000001100010000000010
0100011000001000001010000101000000000
0000011100001100000100000010000000001
0000001100011010000000001000000000110
0011100000010110000000000001000010000
0011001100000010010000000000001000010
0100100100010100000000100001100000000
0000100010101001000000001010000000100
0001100010010000000001010001000000100
0001010000101100000000100001100000000
0010000110100000000010001000000101000
0000100101100100000001000000110000000
0000001011010000001000001000000001100
0100100101000000001100000001000001000
0010011010000000010000010100001000000
0100110000100001000000100000100000001
0001010000101011000000000000001000100
0001001001010000000001100001000100000
0001101100000000001010000000000100010
0101000000110100100000000001000100000
0001000110001000000001001000000100010
0110100001000100010000000000100000010
0100001001001000000000101001000001000
0000001101001001001000000010000001000
0001000111000001010000000000001001000
0000011100010000000100100000101000000
0000110110000001000010000000000100100
0000101010001000000011000001000000001
0010110001000000011000000010000100000
0010000110001000000011000010000000100
0110010000010000011000000100000010000
0000110000011000010100000100000000001
1000010000000000011100100000110000000
0001100001100010100000000101000000000
0000011000110010000000010000000001100
0001100010100101000000000000001010000
0110011000000010100000000000010000100
0100100000101100000001000000000010100
0001001000101000000001001101000000000
0001000101010100000000010010000001000
0001001100010001000000001100001000000
0101000100100000000010100100000001000
0000000110011000010010000000001000001
0100100001010000000001001101000000000
0001001001001010001000000000000100001
0010001101000000000100010000001010000
0001001011000000000010001001100000000
0000111100000010010000000000000101000
0000010110100000010000010000000011000
0001001010001000011000000100000010000
0010110100000000100000100000010000001
0100000001110000000011000010000000100
0001100001001100000001000001000000010
0100100001010110000000000000010001000
0001001001001100000000001000001000100
0100010010100000000011000100001000000
0000010010101000011000000000100000001
0100000001101001000000001100001000000
0010001010001010000100000000100000001
0100001100010000000010010000001000100
0011000010001000100000001001000000100
0110010100000010000001000000000110000
0000010010011000000001010100000010000
0000011010010100010000000010000010000
0001110000100000000000101100010000000
0100001110000100100000000000010010000
1000100000011000000001001000010000100
0000111000100000001001000001010000000
0001101100000100000100000000001001000
0000100101010000000000011000101000000
0001010100010000000110000100000000010
0001000100110000010000010001000000001
0010001100010000000110000010000001000
0101100000010000010000010100001000000
0010100000101000110000000000000100001
0001000111000000100001000011000000000
0001110000100000010000010010000000100
0000000111100001000000100100000010000
0000110001100010000000100000000011000
0000001011100100000010000000011000000
0101000101000100000000001000010100000
0010110000001011000000000000100001000
0110000001100100000100000000001001000
0001000001011000000010001000000101000
0100010001010000000010010100000000001
0001001000101001010000000010000000001
0100001010100000000000101010000010000
0000110010001010000010000100010000000
0100001001001000000101000000000010001
0010101000001000001000010010010000000
0000001100110000100100000000010000010
0001000010101000000010010100000000001
0010010110000001010000000010000000001
0100010010010010010000000000001000010
0010011010000000001000100000010100000
0100110000100000100010000000000000110
0100010110000000000100010101000000000
0001111000000010100000000000001010000
0000101001010000000011000000010000010
0100010100010000110000000000000100001
0001000000111000000001100010000000010
0000000011101000000110000010000001000
0101000010010000000010001100000000100
0001010100001010010000000000000010001
0001000010101010000000001000100010000
0010010110000110000000000000010001000
0000100101001000000110000000010000001
0010001001010000010000010010000000100
0000100101010000110000000001000000010
0000000011011100000000010000010000001
0011011000000001000000001010000000100
0010010100010010001000000001000000010
0000011000101000000100100000010001000
0010100010100000000010010000001000100
0110000100010001000000010100000001000
0101000000011001000100000000001000001
0010101000001010000010000000001100000
0000100100110000000010100000000100001
0001000011010000010010000010000000010
0000110100100000100000001010000100000
0000000011110010000001000100000000010
0000011100001001000000001000100100000
0010100000110010000100000000000001010
0001100000110000000010010000100001000
0001110001000000010010000100100000000
0000001101100000010000100000000001001
0101011000000000001000001000010010000
0000100100101010100000000000010000100
0100101000100000001100000000000000101
0000100011001000100000010010000010000
0100001001100000100000100100000000010
0010011000100000001100000010000010000
0100100010100000100000010100010000000
0101000000101000100000100000010000001
0011000001010001100000000000001000010
0101001100000000000101000001100000000
0101000001100001010000000000000000110
0000001110001000000100100001000010000
0101100001000000100000100010000001000
0000001101001000000011000100001000000
0000001111000100000001000000000100001
0001100011000010000001000000000110000
0000011101000100001000000000010000010
0000010111000000000100001000110000000
0100001010001000000000011000101000000
0010000011001000001000001000010010000
0100000010110000000100010000001010000
0001010010001001000000010000110000000
0000100010101000000100100000000000011
0010010011000000000010010011000000000
0000010101001000000001010010000100000
0010001000110001001000000100000000010
0001100100010010000100000000100000001
0000010010011000001010000000000100010
0011010000100000110000000001000000010
0011010000010000010000100010100000000
0000011001100001001000000000100000100
0000101010100000100100000000000011000
0100000101010000000100100000000000011
0001001000011000000010010011000000000
0010101100000100100000000010000000010
0010000011010100000001000000000010100
0010110100000000010001000000101000000
0100000001110000001000100000100001000
0000101100001000001000100100000000001
0010100001010000100010000010000000001
0000100001110100000000100000001000010
1100110000000010010000000010010000000
0000000101101100000100000000000000110
0001011010000001000001000000001100000
0000110100100000001100000000100000010
0000101000101001100000000000001000010
0010100011000000000101000001100000000
0000000111010000001100000010000010000
0001011000010000100000010100010000000
0100000100101000000100010000000001001
0010000010011001000000010010001000000
0100000101010010000000010001000100000
0001001000011101000000000000000100010
0010101100000010000000001000100010000
0001001010010000001100000000100000010
0001110100000000100000010001000001000
0010010010100000100000100010000001000
0001001010100001100000000100000000100
0000110110000000000101000000000010001
0000000110110000000000101000100000010
0001010010010010000010000001000001000
0110110000000100000000010010000001000
0010101000100010010000000100000000100
0100100011000100000000100000000010001
0000110001010000001001000000100010000
0010001000101100000000100000000010001
0110100010000000000010001010010000000
0100000000111100001000000000010000010
0011010000010010000100000000011000000
0101000100100100000000010000100000100
0001001001100000000101000000001000010
0000101110000000001000010001100000000
0001101001000001000000010010001000000
0000101101000001000100000100100000000
0000000111100010000010000000000000101
0000111000010100000000010001001000000
0000010000100000001010000100010011000
0011000001100010001000000000000010100
0101100010000000100100000001000000001
0100110000001000010000010000100100000
0010000001101001000000100000000001010
0001010001001000011000000000000001010
0010001100100000100000100001001000000
0001000110010001000000100010000100000
0000010011001001000001000000000000101
0001000101001001000000100000100000001
0100000001011001000001000000100000010
0011001000001000001100000001000001000
0110000010100101000000000000010000100
0100010010001000000100001000000010100
0100000011001100100000000000000001100
0010011000001000000001001000001010000
0000011100010000001001000100000100000
0101000010001001000001000010000010000
0010010100001000001100000100010000000
0000011010010000000110000000010000001
0000011110000000000010001000001000010
0000110000110010010000000001100000000
0101000110000010000010000000001100000
0000010100011100010000000000100000010
0000111010000000010000001000100000100
0000110001010001100000000000000101000
0000010100011000000000110001010000000
0011000000110001000010000000000100100
0010000110010000010000010000100100000
0101010000010001000000100000000001010
0000000101101000001000100000010100000
0001000101010000001001000000000000110
0001001100010000101000000001000010000
0010100110000000000100100110000000000
0000101010010000000010100010001000000
0010010001100100010000000000000000101
0101001000100010001000000001000000010
0000100110001100100000000001000100000
0000100100110000010100000000001000100
0001000011010000000000110000100010000
0110100001000001100000000100000000100
0110100000100000100001000011000000000
0100000011001000001001000100000100000
0000110011000100010000000001000001000
0000011001100000000000101000001100000
0000001010101000001001000000000000110
0010110010000000101000000001000010000
0100010000110000000100100110000000000
0100100100100010000100000100000010000
0011101000000000100010000001010000000
0100100101000000010001000000000100100
0000000011101000010001000001000010000
0001011000010000010001000000000000011
0001100100100000001000100011000000000
0011000010100001000100000010000000010
0001000011100000000001001000010000100
0000011110000010001000000000000010100
0101100000001110000000000000101000000
0010000101001100000000001000100001000
0100110100000100000010000000011000000
0000000001111000010000001000100000100
0001101001000000011000000001000000100
0001010001010101000000000000010000100
0001001100100000000100001000000010100
0011000110000000001010000101000000000
0000001110100000011000000010000100000
0000110010010000100000100100000000010
0000001001011000001000100000000010010
0010000100110100000000100010010000000
0000001010101010000000100100001000000
0010110010000100000010000000100000001
0100010000110100000000001000001000100
0011011000000010000000010001000100000
0100100100100101000000000000000100010
0100010100100000011000000001000000100
0000000010111000100000100000000110000
0101101000000001000000100100000010000
0010100101000001000001000010000010000
0100001001010000001100000100010000000
0100010101000101000000000000000001001
0000001000111000000100001010001000000
0000001101100000000001010001000000100
0000101010010001001000000000000110000
0011100000001000000000101010000010000
0110000101000010000010000100010000000
0011010001000010100000000000000001001
0100001100100100000001000010001000000
0001100010100000010010000001000100000
0000010111000000010000100000000100010
0100010011000001010000000000100010000
0010010001010000000001001000000100010
0011000100001000000100010010100000000
0011001010000010000000100000000011000
0110100000100010001000000000110000000
0100010011000000001010000000010000100
0001011100000000010000100101000000000
0101010010000100000000100010010000000
0000010100101000000010001100000000100
0000001111000010000100000000000001010
0101000011000100000000010001001000000
0110000011000010010000000000000101000
0100011000001100000000100000001000010
0010011000001000101000000000000000011
0101000100001001001000000100000000010
0010000100011000100100000001000000001
0001100000011000100000100001001000000
0011000101000000000011000000100100000
0100010010100110000000000001000010000
0000010010101100000000001000010100000
0100100010010000110000000000000010100
0001010001001000000001100000010010000
0010011001000001000001000100010000000
0000100010011000001000001100100000000
0000100110010100000010000000000001010
0001010001010000010000001001001000000
0100001010010100000001000001000000010
0001110000001000001000001001000100000
0000000010111100000010000001000000100
0011010010000000010000001000000110000
0110001000010010000000001000001001000
0000100100011000001000010000000101000
0000000110011001000000001000000011000
0010110000010000000010010000010100000
0000111000100000010010000000001000001
0000100011100000010000100010100000000
0100000100011100000010000010000100000
0011000000011000010000001100000000010
0010101000010000011000000000100000001
0000000011110000100000010001000001000
0000111100000000000100010000010000100
0000100001110001000000010000000010100
0100001100001010000100000000011000000
0010100000011100000000010000100000100
0000101000110000100000001001000000100
0000000101110001000001000000001100000
0000101000110000000001100100100000000
0001100011000000001010000000000001001
1101000000000001100000010101000000000
0000001011010000010001000000101000000
0001111000000000001000100000100001000
0010010100100001000100000000000001100
0100001010100000010010000000000001100
0000110010001000010000100000001010000
0100011000100001010000000100000100000
0011001100000000001001000010000000001
0100100100010000101000000110000000000
0000000110110000001000010100000000100
0010100011000000100000001000000001010
0100011001000010000001000001001000000
0100010001001010010000000100000000100
0000101110000000100001000000001000100
0100000110100000000001100001000100000
0011000010001101000000000000000001001
0110010100000000000100001010001000000
0011000001001001000010000110000000000
0110001100000000010100000100000000001
1001100100000000100000001100000010000
0000010101010010000001000000010000001
0000110011000000000001010000011000000
0000010101010000010010000000000001100
0001001000110000010000100000001010000
0011100100000001010000000100000100000
0000100001101000001001000010000000001
0010001011000000101000000110000000000
0111010000000001000100000100100000000
0001001010001000100010000000001001000
0000000111010000100010000100000100000
0101001001000000010001000110000000000
0110000101000100001000000010000000100
0100001000011000100000001100000010000
0100000111000000000010010000100001000
0000011000011001010000000000001001000
0101000000011010000000001001010000000
0011000100001110000000000000000100100
0010001010010000000000011001000010000
0001101000001000000100001000110000000
0010100101000010000000010000000001100
0101010010000000110000000100000001000
1000010100100000000001100000001000001
0100100010100100000000001000100001000
0000010011001010000000001000001001000
0100011001000000001000010000000101000
0100100000011000000000110010000000001
0000011101000000110000000010001000000
0001100100100001000001000000000000101
0000010010110000010001000000000100100
0001010010100000001000100000000010010
0010001001100000000001001010100000000
0100101010000010001000000100000001000
0001001000110100001000000010000000100
0011100100000000000100001001000000010
0000100001101000000000011000010001000
0010001011000011000000000000001000100
0110110000000010000000100100001000000
0100000001101100000010000000100000001
0000101001001000110000000100000001000
0010101001000000000001100000001000001
0101010000001100000001000000000100001
0010000100101000001000001010000000010
0011001010000100000010000010000100000
0100110100000000010000001100000000010
0000101010001100000000001000000010010
0000010001110000001000010010010000000
0000011011000000000010100100000001000
0001010100100100010000000000001100000
0111000000010000000001010010000100000
0110100010000011000000000000000010010
0100010001001100000100000001010000000
0000011001001000000010001010010000000
0101000101000000100100000100001000000
0000001100011000000001010000100000001
0110001000010000001000100011000000000
0101100000001000100010000100000100000
0110001100000100000000100000000101000
0000100110001000010100000000100001000
0010010001010000000000110000001001000
0100100100001000000001001010100000000
0010000001011010001000000100000001000
0000101001010000000100010000000001001
0000000001111010000000100001000000001
0000110000110100100000000000010010000
0100000110001000000000101100010000000
0010010000011010000010000000000000101
1010000100001010100000000000001010000
0110010000010100000001000000110000000
0010110000010001010000000000000000110
0100001000011100010000000000000000101
0101000000110001000001000100010000000
0001000110001000001100000000000000101
0110001010000000000110000001001000000
0000100101001010000000001100000100000
0010001001010110000000000000000000011
0001000100101001100000000000000101000
0010000110010000000101000000001000010
0100010001100000010000001010000001000
0000100110010010000000010000010010000
0010000010110010010000000000000010001
0000000101110000000100001100000001000
0001001010010010000000010000001000001
0110100100000000100000010000001100000
0010010000101010000000010000010010000
0001100110000000000010100000110000000
0000001100110100000000010000000110000
0001100010010001000000001000010000010
0011100000100000000100100000101000000
0001110001000000100100000000010000010
0011100010000010000000010100100000000
0000100101100000100010000000001001000
0001000011100100000000100000000101000
0000011000011010001000000000110000000
0011100000100100100000000000000001100
0011000000110000000000101001000001000
0001010001100001000000010100000001000
0000001110100001000100000000001000001
0001010001100000000011000001000000001
0001000100101000000110000001001000000
0000010110100000100010000001010000000
0101110000000000010001000001000010000
0010101001000100001000000000000011000
0100101001000000100000001000011000000
0000010101001000100100000000000011000
0010001000110000000001010000011000000
0001100100010000100001000000010100000
0000110001001100100000000000001000001
0110011000000000010010000010000000010
0100100000101000010000100101000000000
0100101001000000001010000010100000000
0011000110000001000000010000000010100
0100010100010001000100000000010010000
0000100010011010100000000000000001001
0011010001000100000001000010001000000
0001011100000001000010000000010001000
0110000100010100000000001000000010010
0110000010010100000100000010000000001
0101010000001000000000011110000000000
0101001100000001000000010000000100001
0000100100011001000100000010000000010
0000101010100010000010000000100000010
0100010001100000100001000000010100000
0111001000000100100000000000001000001
0110100000001100001000000001000000001
0110000001001000100000001010000100000
0001000000111000000100010000010000100
0000110010010000000100010010100000000
0100010010001000100010000010000000001
0010010000101000010001000110000000000
0010001010001000010000001010000001000
0100000000111010000000010100100000000
0010010100100000000000110100000100000
0100000010110001000010000000000000011
0101010000010000001000010001100000000
0100100100001001100000000000000010001
0010000001011000000101000010010000000
0001000101001000000000011001000010000
0010001100010011000000000000010100000
0010010001100000000010100000110000000
0000111010000001100000000010010000000
0000110001100000000101000100000000100
0101001001000100000010000000000001010
0000101100001000010000001001001000000
0111001000000000001000010100000000100
0011100000001010000001000000010000001
0000000011011000000100001001000000010
0001010010010001100000000000000010001
0011010010000000000011000000010000010
0100100000011000000010001000001000010
0001101000001000100000010000000000101
0001010100010000000000011000000100100
0001000100110011000000000000000010010
0000101001001010000001000000100000100
0110000000101000000010100010001000000
0100001010001001001000000000010000001
0010110000001000100100000010000000100
0000011000110000000010100001000000010
0110000010100000001000100100000000001
0110000010010010100000000101000000000
0010100010100000000001100000010010000
0001110000001001000010000000000000011
0010000101100000010100000011000000000
0011100000010001001000000010000001000
0101100000010100000100000000000000110
0010100000101000000010001001100000000
0100000111000000000001001000001010000
0000010000111000100000001000000001010
0011000010100010000001000001001000000
0100001100010000011000000000000001010
0001110100000101000000000010100000000
0010010010100010000000001000000000110
0100001001010101000000000000001010000
0010001100100000001010000000010000100
0001001100100010000000100000100100000
0010000101100010100000000000000100010
0000001011100000001000010000000010001
0100010100100010000000100000010000010
0011001000001001000000100000011000000
0110100100000000000110000000100000100
0010100001010010000000100000100100000
0111000001000000001001000001010000000
0100001100001000101000000000000100100
0101100010000001001000000000100000100
0111000100000010000000100001000000001
0001001011000001000100000000010010000
0111000001000001000000001000000011000
0110000001100000000001010100000010000
0100100011000000000110000100000000010
0000011001001000010000010001000000001
0010100000011000100001000000000010010
0010000101001000010001000000000000011
0101001000100001000010000000101000000
0001010101000010000100000001000000100
0001010010001000010100000011000000000
0000101000101100001000000000100100000
0001000110010100000100000001010000000
0100111000000100000100000000100010000
0010001000101000000000011000000100100
0000100011001001000010000000101000000
0010011001000000010100000000100001000
0110010000001001000000001000010000010
0110000000101010000100000001000000100
0011000001010000000100010101000000000
0010010100010000100000010010000010000
0010000011001000000010100000000100001
0010000010110000001010000010100000000
0100001010010000000000110100000100000
0010011000100110000000000000101000000
0110010000001000010000100000000001001
0111000000010010000010000000100000010
0101000100001100010000000001000001000
0100000001011000010000010000000011000
0100101000100000000000110000001001000
0100001001100110000000000000000100100
0000000100010000010000100000010111000
0111000000100100010000000010000010000
0101000000101000001000001000000001100
0101101000000100000000001011000000000
0100010110000100001000000000100100000
0010000100011000000000101000001100000
0110001000001010000001000100000000010
0110000010001100000000010000000110000
0100001100100000001000001100100000000
0010101000100001000000100010000100000
0111100000000000011010100000000000000
0111000000001000110101000000000000000
0110000100001000001001110000000000000
0110000000011001101010000000000000000
0010001000011000010011100000000000000
0010000000111101010100000000000000000
0111000010000000000100111000000000000
0010010000110000100111000000000000000
0101000010100000011001010000000000000
0010000001110100101000001000000000000
0101001010000010100001001000000000000
0010100001100001001110000000000000000
0100001011000000110100010000000000000
0100000101001000110010100000000000000
0010000011100001010000011000000000000
0100011010000011000100100000000000000
0100010100001011000010010000000000000
0011000011000100011100000000000000000
0100011100000000100000111000000000000
0000010110001001101000100000000000000
0000001010011001100101000000000000000
0011110000000000001101010000000000000
0010000111000100100000110000000000000
0100011000010001000011001000000000000
0000110100001110001001000000000000000
0000101000011110000100100000000000000
0011100001000100000010011000000000000
0110000110000000111000001000000000000
0100010000011010100001100000000000000
0000111000001001000001110000000000000
0000101100010101010001000000000000000
0001100001010000001100101000000000000
0000010100110101001010000000000000000
0001000010110000110100001000000000000
0010001110000001000001101000000000000
0100110000010010001110000000000000000
0000110000101100000110010000000000000
0001101000010010010010001000000000000
0001100101000110010000100000000000000
0001010000110010001001001000000000000
0001000110100110101000000000000000000
0010001100001001110000010000000000000
0110100000010001000101100000000000000
0000100000111011000011000000000000000
0001110000010100000011100000000000000
0001000101100000011010001000000000000
0001011000100100100010001000000000000
0000100110100010010001001000000000000
0000101001100100010100001000000000000
0000101011000010000000111000000000000
0100000101100001101000010000000000000
0010011100000100000011010000000000000
0100100000110001011000001000000000000
0001100000101010011100000000000000000
0001001101000010100010010000000000000
0101010000100010100100010000000000000
0000000110101101000001010000000000000
0100100001100010010010010000000000000
0000001011001101010000100000000000000
0100001101000011010000001000000000000
0010011000010101100000100000000000000
0101100000100000000111001000000000000
0011000000101100001011000000000000000
0001000001110110000110000000000000000
0001001110000100010000011000000000000
0000000111001010011000010000000000000
0100110001000001000100011000000000000
0000001001101011000100010000000000000
0001010011000000101000011000000000000
0000011100100011100001000000000000000
0001010110000010000001110000000000000
0010111000000000000110101000000000000
0001000001101100110000010000000000000
0101000001010010111000000000000000000
0001001100001100100001100000000000000
0100100001001011001000100000000000000
0010001001001100100110000000000000000
0000001101010100000010101000000000000
0001000011001010100100100000000000000
0000010110010100100001001000000000000
0000011010001110100000010000000000000
0010110000100101000001001000000000000
0100000011100010001100001000000000000
0101000001001000001110010000000000000
0110000001010000010110001000000000000
0101001000001010010000110000000000000
0000001110010010110000100000000000000
0001100010001100001000110000000000000
0010010101000001100010001000000000000
0000010011010110001000100000000000000
0100100110000001010000110000000000000
0000010001011001000110100000000000000
0000111001000111000010000000000000000
0100101100000010000011100000000000000
0000100001011100011010000000000000000
0100000011010001100000101000000000000
0001011000001010000111000000000000000
0100000010101011110000000000000000000
0010010010001100000101100000000000000
0001000010011110010001000000000000000
0011010100000100001000101000000000000
0010010010010001001100001000000000000
0000011010100000000101011000000000000
0000110010100011001000010000000000000
0100000110010011001001000000000000000
0001010000011100101100000000000000000
0000101100100001000010011000000000000
0000100011010011010100000000000000000
0000110100010011000000101000000000000
0100000010011000011100100000000000000
0011010000001000100010110000000000000
0010000010101000101100010000000000000
0110010010000001100001010000000000000
0000100010110100001101000000000000000
0101000100010000010001101000000000000
0001000100011010001010100000000000000
0010101010000101000100010000000000000
0010100100010000001011001000000000000
0001110010000110000100001000000000000
0000010101100110000000011000000000000
0010100100100100011000010000000000000
0000000101011111100000000000000000000
0011001000010100000101001000000000000
0100000100110010100010001000000000000
0110101000000000010001011000000000000
0000110101000000001010110000000000000
0000001001110001110010000000000000000
0000001100101110010010000000000000000
0010100010010100010000101000000000000
0001011001000100000100110000000000000
0001101000100110000001010000000000000
0000100111000101001000001000000000000
0000000100111000111001000000000000000
0011000010010000101001100000000000000
0010000101010001011000100000000000000
0101001000010000100110100000000000000
0010100100001101000010100000000000000
0100001000101000100011010000000000000
0010100010001001011001000000000000000
0100001000110010010101000000000000000
0011001000100000010110010000000000000
0101100100000010001000011000000000000
0011001001000000110000101000000000000
0000001010110111000000001000000000000
0110010000100000001010011000000000000
0110000100100001010011000000000000000
0001101010000000010101100000000000000
0000010011100101100100000000000000000
0000011001010010100100001000000000000
0011000100100000100001011000000000000
0100110010000000001001101000000000000
0000010001101010101010000000000000000
0101010001000010000010101000000000000
0010001010100100110001000000000000000
0100010000101001001101000000000000000
0011000100010100110010000000000000000
0110010001000000101100100000000000000
0010100001001000010100110000000000000
0110001001000001000010110000000000000
0101010100000000101011000000000000000
0100101000001001010110000000000000000
0001100100001000010011010000000000000
0100100010001010000101010000000000000
0010010001001101001000010000000000000
0110001000100001100100001000000000000
0111100000000000000000000000011010100
1101000000001000000100100000100001000
0110000100001000000000000000001001110
0010001000011000000000000000010011100
0111000010000000000000000000000100111
0010010000110000000000000000100111000
0101000010100000000000000000011001010
0010000001110000000000000100101000001
0101001010000000000000000010100001001
1000000001100000110000000001001100000
0100001011000000000000000000110100010
0100000101001000000000000000110010100
0010000011100000000000000001010000011
0100011010000000000000000011000100100
0100010100001000000000000011000010010
0011000011000000000000000100011100000
0100011100000000000000000000100000111
0000010110001000000000000001101000100
0000001010011000000000000001100101000
0011110000000000000000000000001101010
0010000111000000000000000100100000110
0000110100001000000000000110001001000
0000101000011000000000000110000100100
0011100001000000000000000100000010011
0110000110000000000000000000111000001
0100010000011000000000000010100001100
0000111000001000000000000001000001110
0000101100010000000000000101010001000
0001100001010000000000000000001100101
0000010100110000000000000101001010000
0001000010110000000000000000110100001
0010001110000000000000000001000001101
0000110000101000000000000100000110010
0001101000010000000000000010010010001
0001100101000000000000000110010000100
0001010000110000000000000010001001001
0001000110100000000000000110101000000
0010001100001000000000000001110000010
0110100000010000000000000001000101100
0000100000111000000000000011000011000
0001110000010000000000000100000011100
0001000101100000000000000000011010001
0001011000100000000000000100100010001
0000100110100000000000000010010001001
0000101001100000000000000100010100001
0000101011000000000000000010000000111
0100000101100000000000000001101000010
0010011100000000000000000100000011010
0100100000110000000000000001011000001
0001001101000000000000000010100010010
0101010000100000000000000010100100010
0100100001100000000000000010010010010
0000001011001000000000000101010000100
0100001101000000000000000011010000001
0101100000100000000000000000000111001
0011000000101000000000000100001011000
0101000001001000000000000000001110010
0001001110000000000000000100010000011
0000000111001000000000000010011000010
0100110001000000000000000001000100011
0000001001101000000000000011000100010
0001010011000000000000000000101000011
0000011100100000000000000011100001000
0010111000000000000000000000000110101
0001000001101000000000000100110000010
0101000001010000000000000010111000000
0001001100001000000000000100100001100
0100100001001000000000000011001000100
0010001001001000000000000100100110000
0001000011001000000000000010100100100
0000010110010000000000000100100001001
0000011010001000000000000110100000010
0010110000100000000000000101000001001
0100000011100000000000000010001100001
0001000001110000000000000110000110000
0110000001010000000000000000010110001
0101001000001000000000000010010000110
0000001110010000000000000010110000100
0001100010001000000000000100001000110
0010010101000000000000000001100010001
0000010011010000000000000110001000100
0100100110000000000000000001010000110
0000010001011000000000000001000110100
0000111001000000000000000111000010000
0100101100000000000000000010000011100
0000100001011000000000000100011010000
0100000011010000000000000001100000101
0001011000001000000000000010000111000
0100000010101000000000000011110000000
0010010010001000000000000100000101100
0001000010011000000000000110010001000
0010010010010000000000000001001100001
0000011010100000000000000000000101011
0000110010100000000000000011001000010
0100000110010000000000000011001001000
0001010000011000000000000100101100000
0000101100100000000000000001000010011
0000110100010000000000000011000000101
0100000010011000000000000000011100100
0010000010101000000000000000101100010
0110010010000000000000000001100001010
0101000100010000000000000000010001101
0001000100011000000000000010001010100
0010101010000000000000000101000100010
0001110010000000000000000110000100001
0000010101100000000000000110000000011
0010100100100000000000000100011000010
0000000101011000000000000111100000000
0110010000100000000000000000001010011
0110101000000000000000000000010001011
0000110101000000000000000000001010110
0000001001110000000000000001110010000
0000001100101000000000000110010010000
0010100010010000000000000100010000101
0001011001000000000000000100000100110
0001101000100000000000000110000001010
1000100011000000010000001100001000000
0000000100111000000000000000111001000
0011000010010000000000000000101001100
0010000101010000000000000001011000100
0101001000010000000000000000100110100
0010100100001000000000000101000010100
0100001000101000000000000000100011010
0010100010001000000000000001011001000
0100001000110000000000000010010101000
0011001000100000000000000000010110010
0101100100000000000000000010001000011
0011001001000000000000000000110000101
1000001010010001010000000100000000001
0110000100100000000000000001010011000
0001101010000000000000000000010101100
0000010011100000000000000101100100000
0011000100100000000000000000100001011
0000010001101000000000000010101010000
0010001010100000000000000100110001000
0100010000101000000000000001001101000
0011000100010000000000000100110010000
0110010001000000000000000000101100100
0100100010010000000011000000100100000
0101010100000000000000000000101011000
0001100100001000000000000000010011010
0100100010001000000000000010000101010
0010010001001000000000000101001000010
0110001000100000000000000001100100001
0000000000000111100000000000000101011
0000000000000111000000001000001010110
0000000000000110000100001001110010000
0000000000000110000000011000010101100
0000000000000010001000011101100100000
0000000000000010000000111000101011000
0000000000000111000010000000111001000
0000000000000010010000110101001000001
0000000000000101000010100010100100001
0000000000000010000001110001010110000
0000000000000101001010000000010100110
0000000000000010100001100100010000011
0000000000000100001011000011000000101
0000000000000100000101001011001000010
0000000000000010000011100100101100000
0000000000000100011010000000100001011
0000000000000100010100001000101001100
0000000000000011000011000000100000111
0000000000000100011100000011000011000
0000000000000000010110001110000001010
0000000000000000001010011110010000100
0000000000000011110000000100000010101
0000000000000010000111000001011000001
0000000000000100011000010010100100100
0000000000000000110100001001000010110
0000000000000000101000011001010011000
0000000000000011100001000000011100100
0000000000000110000110000001000001110
0000000000000100010000011001001110000
0000000000000000111000001110000110000
0000000000000000101100010010000010101
0000000000000001100001010110010010000
0000000000000000010100110010100001001
0000000000000001000010110110001001000
0000000000000010001110000100110000010
0000000000000100110000010001000001101
0000000000000000110000101011001001000
0000000000000001101000010100000101100
0000000000000001100101000000001010011
0000000000000001010000110100100110000
0000000000000001000110100000010001011
0000000000000010001100001100000011100
0000000000000110100000010000011010001
0000000000000000100000111100011100000
0000000000000001110000010010001100001
0000000000000001000101100110100000010
0000000000000001011000100010000101010
0000000000000000100110100101001000010
0000000000000000101001100011000010010
0000000000000000101011000101010100000
0000000000000100000101100010010010001
0000000000000010011100000001100000101
0000000000000100100000110010000111000
0000000000000001100000101100000011010
0000000000000001001101000100010000101
0000000000000101010000100000001011001
0000000000000000000110101010111000000
0000000000000100100001100001001100001
0000000000000000001011001010100100010
0000000000000100001101000000100010110
0000000000000010011000010000000111001
0000000000000101100000100010011000010
0000000000000011000000101000110100010
0000000000000001000001110000111000001
0000000000000001001110000010100001100
0000000000000000000111001101100000100
0000000000000100110001000010001010100
0000000000000000001001101100110010000
0000000000000001010011000110000100100
0000000000000000011100100100000010011
0000000000000001010110000100101000001
0000000000000010111000000101000001010
0000000000000001000001101010001110000
0000000000000101000001010000000110101
0000000000000001001100001010010010010
0000000000000100100001001000010110010
0000000000000010001001001001010000110
0000000000000000001101010011110000000
0000000000000001000011001100011000010
0000000000000000010110010011001000100
0000000000000000011010001001000101100
0000000000000010110000100000001110010
0000000000000100000011100001110000010
0000000000000101000001001010110000100
0000000000000110000001010001101000100
0000000000000101001000001000100111000
0000000000000000001110010101000001001
0000000000000001100010001010010101000
0000000000000010010101000100001000110
0000000000000000010011010001100100001
0000000000000100100110000010001001001
0000000000000000010001011110101000000
0000000000000000111001000000000100111
0000000000000100101100000001010000011
0000000000000000100001011011000100100
0000000000000100000011010010011100000
0000000000000001011000001100100000110
0000000000000100000010101000001101010
0000000000000010010010001001101000010
0000000000000001000010011000101100100
0000000000000011010100000000100011010
0000000000000010010010010100100001100
0000000000000000011010100111100000000
0000000000000000110010100100000101001
0000000000000100000110010000110000101
0000000000000001010000011010000011100
0000000000000000101100100110010001000
0000000000000000100011010100001000101
0000000000000000110100010100001011000
0000000000000100000010011011100001000
0000000000000011010000001100001101000
0000000000000010000010101101010001000
0000000000000110010010000000001100101
0000000000000000100010110011010000001
0000000000000101000100010010101010000
0000000000000001000100011100110001000
0000000000000010101010000000010001101
0000000000000010100100010101010000100
0000000000000001110010000000001001110
0000000000000000010101100001101010000
0000000000000010100100100001000011001
0000000000000000000101011000011010100
0000000000000011001000010000110010100
0000000000000100000100110001011001000
0000000000000110101000000001000110100
0000000000000000110101000111000000001
0000000000000000001001110110000100001
0000000000000000001100101001100001010
0000000000000010100010010001001101000
0000000000000001011001000010100010001
0000000000000001101000100000010110001
0000000000000000100111000010010000110
0000000000000000000100111111000010000
0000000000000011000010010100010100001
0000000000000010000101010100100010001
0000000000000101001000010010010001001
0000000000000010100100001000011001010
0000000000000100001000101011010100000
0000000000000010100010001100000100110
0000000000000100001000110001100010001
0000000000000011001000100100100001001
0000000000000101100100000000010011100
0000000000000011001001000100000110010
0000000000000000001010110000110101000
0000000000000110010000100001100101000
0000000000000110000100100000101000011
0000000000000001101010000110000000011
0000000000000000010011100010001000011
0000000000000000011001010101000010100
0000000000000011000100100100011010000
0000000000000100110010000011000100010
0000000000000000010001101101000100010
0000000000000101010001000000101100010
0000000000000010001010100001000100011
0000000000000100010000101010100010010
0000000000000011000100010000001001101
0000000000000110010001000001000010011
0000000000000010100001001101001010000
0000000000000110001001000000110100001
0000000000000101010100000010000000111
0000000000000100101000001010000001110
0000000000000001100100001110001000100
0000000000000100100010001001011000100
0000000000000010010001001000100110100
0000000000000110001000100000010011010
0000100000001000011000000000010010101
0000000000000010000000001100111000101
0100000000100000000101000100000100011
1000000100000110000100100000010100000
0000000000000101000000000011001101100
0000000000000010000000001011000111010
0000000000000010000000100101100010110
0000000000000100000010000001010111001
0000000000000010000000010110001110100
0000000000000101000000000100110010011
0000000000000010000001000101000101101
0000000000000100001000000010001110011
0000000000000000000100001100101110010
0000000000000000000000011010110110001
0101110100000000000100100000000100000
0000000000000010000000100010011101001
0000000000000100000010000110101000110
1000001010000010000011000000001010000
0000000000000010000010000100001011011
0000000000000100010000000011111000001
0000000000000000010000001010011100110
0000000000000000001000010001011100101
0000000000000001100000000010100110110
0000000000000000000000110011101100010
0000000000000001000010000101100101010
0000000000000010000001000010111010010
0000000000000100001000000101110001100
0000000000000000000100001011010001101
1010000010000001000110100000000010000
0000000000000011000000000001101110001
0000000000000010000100000000010110111
0000000000000100000000010011010010110
0000000000000000100000001111110000010
0000000000000000100000010010111001100
0000000000000001000001000100101011100
0100000000100010010000000100010001001
0000000000000000000010100001101001101
0000000000100000000001100011011000100
1010000000001000000010011010000000001
0000000000000100000100000101001010101
0000000000000010000010000011110100100
0000000000000000010000001101100011001
0000000000000000001000010110100011010
0000000000000001100000000101011001001
0000000000000000000000110100010011101
0000000000000001000010000010011010101
0000000000000010001000000000101101110
0000000000000000000000101110100101100
0000000000000001000000010111100000101
0000000000000001000100000110000111001
0000000000000001000000100011110011000
1100000000100010000000111000000000100
0000000000000000100001000001110010101
0000000000000000001001000010010111100
0000000000000000000011000110110001001
0000000000000000011000000110001001101
0000000000000000010100000001001101011
1000100000100000110101000000100000000
0000000000000010100000000011001000111
0011000110101000010000100000000000000
0000000000000100000000010100101101001
0000000000000000100000001000001111101
0000000000000000100000010101000110011
0000000000000001000001000011010100011
1000000001001100000001100000000001001
1000000010100000000010100010000100010
0000000000000000000001100000100111011
0000000000000000001010000011011001010
0000000000000100000100000010110101010
0000000000000010010000000001011011100
0000000000000100000000100000111110100
0000000000000001000000001101010110100
0000000000000000000001010011001011001
0000000000000001001000000110111100000
0000000000000100000000100111000001011
0000000000000000000010001111001100001
0000000000000000001100000000111011001
0000000000000000010010000010101111000
0000000000000000110000000010010011011
0000000000000000010000010111010101000
0000000000000010001000000111010010001
0000000000000100100000000110010100101
0000000000000000000000101001011010011
0000000000000001000100000001111000110
0000000000000001000000100100001100111
0000000000000000100001000110001101010
0000000000000000001001000101101000011
1001100000100010000010000000011000000
0000000000000000000011000001001110110
0000000000000000011000000001110110010
0000001000000000001000001010101010100
0000000000000010100000000100110111000
0000000000000100000001000000011001111
0000000000000000000001001001111101000
0000000000000001000000001010101001011
0000000000000000010010000101010000111
1010000000000111100000000010000000100
0000000000000000000100010110011000011
0000000000000010010000000110100100011
0000000000000000100000100001010101110
0000000000000000100100000011011110000
0000000000000000000001010100110100110
0000000000000000001100000111000100110
0000000000000000100000100110101010001
0000000000000001010000000000110101101
0000000000000000000100100010001011110
0000000000000001001000000001000011111
0000000000000000000010001000110011110
0000000000000000101000000011100101001
1000000010010101000000010000000010010
0000000000000000100100000100100001111
0000000000000000000010010010000101111
1001000001000001000010100001000001000
0000000000000000001000100010110000111
0000000000000000100010000111000011100
0000000000000000000100010001100111100
0000000000000000000100100101110100001
0000000000000000010001000011100001110
0000000000000000100010000000111100011
0000000000000000010001000100011110001
0111110000010000100000001000000000000
1100001100000000000010001000000010001
0010001110011100001000000000000000000
1100000010001010001000000010001000000
0010011100110000010000001000000000000
0101100010110010000000100000000000000
0110100100011010010000000000000000000
0000110000111000001000100000000000100
0101111010000000000010010000000000000
0011001000111010100000000000000000000
0101100110000100000001000100000000000
0011100001110000010001000000000000000
0101001111000000001000100000000000000
0011110011000001000000100000000000000
0100011101100000000110000000000000000
0001010111001100000010000000000000000
0100001011011010000010000000000000000
0011111000001100010000000000000000000
0100011010110000101000000000000000000
0000000000000000001000001100010101011
0010101001011001000000001000000000000
0111101001000010000100000000000000000
0110010001110011000000000000000000000
0101001010101100000100000000000000000
0000011110001000010001000000010000000
0100010101011000001000001000000000000
0100101110010000000100001000000000000
0100111001010000010000100000000000000
0000110101101001010000000000000000000
0101101000011000001001000000000000000
0101010110100001000000001000000000000
0010100011101110000000000000000000000
0110011011000100000000001000000000000
0000111100011000100010000000000000000
0000101010111000010000010000000000000
0001010101110000100000100000000000000
0000011100101000001000010000001000000
0000101101110010000000000010000000000
0110100101100000000000101000000000000
0011011110000000100100000000000000000
0100110100110000000001010000000000000
0001111101000000000001001000000000000
0011000111010000000000001000000000001
0101011100010110000000000000000000000
0010110110001000000000011000000000000
0001111000110001000100000000000000000
0001100111100000000100010000000000000
0001001110110000000011000000000000000
0101101100100000110000000000000000000
0000100111011000000001100000000000000
0001101001101000000010100000000000000
0000111110100100000000100000000000000
0011001011001000000001010000000000000
0110111100000001001000000000000000000
0100100001111000100100000000000000000
0101100101010001000010000000000000000
0001001101011000010100000000000000000
0110001101010000100001000000000000000
0110001110100010000000010000000000000
0100111000101010000000001000000000000
0011101100010000000000110000000000000
0101110001100100001000000000000000000
0000001111101000100000001000000000000
0010101100101000000101000000000000000
0101010011010000000101000000000000000
0100110111000010100000000000000000000
0000011001111100000001000000000000000
0110010110010000000010100000000000000
0001000011111001001000000000000000000
0010011010101001000010000000000000000
0110110010100000010100000000000000000
0110101000110100000010000000000000000
0001100100111100000000001000000000000
0111011000100000000001100000000000000
0100100110101000001010000000000000000
0000011111010001000000010000000000000
0011010001101000000100001000000000000
0011011001010000001010000000000000000
0010010011011000110000000000000000000
0000110011110000000010001000000000000
0110100011010000001000010000000000000
1100000101110000010000000000010000000
0101001001110000000000011000000000000
0110001001101000011000000000000000000
0011101010100000001000001000000000000
0101000001100000000100100001000010000
0100001100111001000000100000000000000
0111000100110000001100000000000000000
0110101010001000100000100000000000000
0000111000010000001000001010000000010
1000010000001010000100001000010000001
1001000000101000001000010010000100000
1000000010001000100001001000000010001
0000000000000000000010010101111010000
1000000000100100101001010000000000100
1000000011000000000010000110010010000
1000000101000010001001000000000101000
1010000100000010010000001010000100000
0001100001100001000000001000100100000
1000100001000000000011001000100001000
1000010000000000010000000011000110001
1001000010000100100010000001000010000
1000000100000000101100010001000100000
1000100000100000000000100010000010101
0000000110000010100100001000000110000
1001000000100000010011100000000000100
1000001000000001100110010000001000000
1000001000100101000000100000001000100
1001000010000011010000001001000000000
0000100010000001010000000001100000011
1000010000000100110001000000010000001
1001010000000000010010010001010000000
1001000000000000100101101001000000000
1001010000000001010000000110001000000
1000000100000000000100000101010010010
1010000000000001011100010010000000000
1010001000000010000000110010001000000
1010100000000010000111000010000000000
1100000000000010001101100100000000000
1110000000000100000000101110000000000
1100000001000100011000010100000000000
0111010101000000010000010000000000000
1000000001100000000001000101010001000
1000110000000000100000000000100011010
1100100000000100100000000001001001000
1000001000000000001000000100100100101
1000000010010000000010000000000110101
1000000000100000000000100100101001010
1000010100000000010000000000011001010
0000000000000000000001001110000010111
1001000000000001000000000100010001110
1010000010000010000000000110000001010
1000001000010000000000010001010000011
1010000000010010000000010000110001000
1011000000000010000000000010100010001
1010000000000010000000000001011100010
1100000000100100000000000100011100000
1000000010000100011001100000000010000
1001100000000001000000000011000010010
1000000001000000000001000010101000101
1100000000001100100100000100000000001
1101010000000010001000000000000100100
1110000000000000001000001001000010100
1000010100000000000100000010100100100
1000000011000000000101010000000011000
1010000001000000110001000010000001000
1001001000000000001001010001001000000
1100000000010000000100011100000000010
1010000001100101000000000000000110000
1000010000000011100000110000010000000
1000001010000000000001100111000000000
1010001001000000000100100001000000010
1000100000000110001100010000100000000
0010000100101011000000000100000000001
1000000001000101100000011000000001000
1000100101000100000000010001000000001
1000000010110100010000000000001001000
1000001001000100010000000000000010110
1000000000011001000000101000000000011
0000010000001000100000100101000000101
1000000100010000000001110000000100010
0001011011100010010000000000000000000
0011100101001000101000000000000000000
0000010110111010000100000000000000000
0110000111001001000100000000000000000
0001110001011010000000010000000000000
0111100000101001000000010000000000000
0110011000011000000100010000000000000
0010000101111000000010010000000000000
0110000010111000000001001000000000000
1001101110001000000000000010000000000
0010100110110001000000000001000000000
1011000100000101000001000001000000000
1010110001000010000000001001000000000
1000100011010100100000000000100000000
1010001000000100010010000001100000000
1001001001000100100000000010010000000
1010000000101100100000000001010000000
1000010001010100000100000100000100000
1000000000111000010010000100000100000
1000100010100001000001000100000100000
0000101111000000010010000000000010000
1100000000000001010001001100000010000
1100000000010010010000100001000010000
1000101000001011000000000000010010000
1010000000010000110000001000010010000
1010100100010000000100000000000110000
1100011000000100000001000100000001000
1001000000110000101000000000010001000
0000000000000010000100000111101001000
0100100000000000000001100100010101000
1000011000010000000000101000000011000
0000010100000000100001000100010001100
0000000000000000000110000100011101100
0101000110010000100000010000000000010
1100000000000111000010000100000000010
1101000010000000010100000000000010010
1000100000110010001000000100000000001
0001000001011000100001000100000000001
1100101000000001000001000010000000001
0000010000111001000000010000000100001
1010100100000000010010000000000001001
1100010000000010000000010001000001001
0110000000110000100000010000000000101
0101011001001001100000000000000000000
0011100010011000000110000000000000000
1100000100000001010000000011100000000
1000100100000011100000000000100100000
0100000000000100000001000111100100000
1000110000010010000001000000001100000
1000001100000000000101001000001100000
0001100000011001010000000000100010000
1000110000000100000000001010001010000
0110000000011000000000000001101010000
1010001000000000001000000100011010000
1000001101000000100000100000000110000
1000101000000100000001000001000110000
1011010100011000000000000000000001000
0001110010101000000001000000000001000
1100000000001100000000001000010011000
0000000000000000001000100101001111000
1010100001000100000100000000010000100
1000110000000000110000000100000100100
1000000001010000101000000100000010100
1000010000001110000000000000100010100
1010100000001000001000100000000100010
1001010000001000100001000000000000110
0101000011000011000000000100000000001
1000001101010000001000000000001000001
1001001010000000000000101000000000101
0100110010000000000000000000001001101
0100110010011101000000000000000000000
0000111011001000001100000000000000000
0111000001011100000000100000000000000
1011001101100000000000000100000000000
0011010010110100000000000100000000000
0111000011100000100000000000100000000
1010100000000000101000001010100000000
0111001010010000010000000000010000000
0000000000011001011000010100010000000
1010010011100000001000000000001000000
1000001010000100101000001000001000000
0010001011110000000100000000000100000
1000001001010001000000000010100100000
1000001110000000000010010000010100000
1001000000010001000000010000011100000
1100010001000000000000110010000010000
1000000100010100000001000010100010000
0001010101000001001000000000000110000
0000001100000010000010000101000110000
1010101010010000000001000000000001000
1000100100000001000000010000001011000
0010011101001000000000100000000000100
1011000100000000000010001000001000100
1001010010000100000000010000000001100
1000010110000000001001000010000000010
0010001010010000100010000000000000110
1000101000000000101000000000010000110
1101100000001000010000001000000000001
1001010100000000001000010100000000001
0001011010000100001000000001000000001
1000011001000010000000100000100000001
1000100000001000100010100000100000001
1100000000100000010000010000100010001
0011001000010000000000000100000101001
1101000001000000100010000000000000101
1000010000010000010000010000001000101
0010000000001000001001000000100001101
0110110001001000000011000000000000000
0010111001100000100000010000000000000
0000000000000011010111110000000000000
0000000000000111101011001000000000000
0000000000000100111100111000000000000
1100101011100000000000000001000000000
1000100010010000011000000011000000000
1010010100000100100000000100100000000
0011000001001010010000000001100000000
0001010100100000000101000010010000000
0001110110010000001000000000001000000
1000000101000001010110000000000100000
1000000011010010000000001000010100000
1110000000001000000010000000110100000
0101010000111000000010000000000010000
1000100010000000001010011000000010000
1000010100100010000010000010000010000
1000001000001000010100000010100010000
1000000110001000100000010100000001000
1101000000100010000001000010000001000
1000001000000010011100000000001001000
0000000110000001001000000001010101000
1100000010001000010001000000100000100
1010000000010000010100000100100000100
1000011000010000000001000001100000100
0000011000101000110000000000000010100
1000110000000000000010100000010001100
1000000000011000000100000001001001100
1100000010000001000000100000000101100
0100000000000100010000000100000111100
0100101101001000000000010000000000010
1100010010101000000000010000000000010
1000000000010100010011001000000000010
1000000100101010000001000001000000010
1000000000011000101000000001100000010
1000100000010000100000010010001000010
1000000001010000001010010000000001010
0000000000000000000000011101001001110
1000000000001111010000010000000000001
1000000000110000000110000011000000001
1000000100001100001000001000000100001
0100010000000001011000010000000000011
1000000110000000000110000000100000011
0000000000001100000000001001100000111
